City,Lat,Lng,Max Temp,Humidity,Cloudiness,Wind Speed,Country,Date
bluff,-46.6,168.3333,63.81,67,20,1.92,NZ,1651629522
jati,24.3539,68.2671,81.34,78,2,14.67,PK,1651629523
poum,-20.2333,164.0167,77.97,78,6,7.78,NC,1651629523
busselton,-33.65,115.3333,60.48,48,5,13.94,AU,1651629402
bethel,41.3712,-73.414,52.65,85,94,5.01,US,1651629524
calama,-22.4667,-68.9333,54.09,43,0,3.44,CL,1651629525
rikitea,-23.1203,-134.9692,77.54,79,99,16.71,PF,1651629526
maniwaki,46.3834,-75.966,48.58,100,100,0.0,CA,1651629526
ushuaia,-54.8,-68.3,38.86,81,28,12.66,AR,1651629322
new norfolk,-42.7826,147.0587,57.65,82,100,1.01,AU,1651629527
jamestown,42.097,-79.2353,61.02,88,20,10.36,US,1651629286
pacific grove,36.6177,-121.9166,69.39,74,15,5.01,US,1651629528
vao,-22.6667,167.4833,75.69,77,45,20.54,NC,1651629529
nikolskoye,59.7035,30.7861,37.29,92,100,7.09,RU,1651629530
cherskiy,68.75,161.3,34.54,97,100,11.21,RU,1651629530
barrow,71.2906,-156.7887,29.41,86,100,11.95,US,1651629320
bredasdorp,-34.5322,20.0403,58.24,98,29,2.13,ZA,1651629532
vestmanna,62.1564,-7.1664,45.52,100,100,8.05,FO,1651629532
birakan,49.0167,131.7,47.64,54,100,11.79,RU,1651629533
ambilobe,-13.2,49.05,68.49,92,26,3.6,MG,1651629534
mataura,-46.1927,168.8643,63.48,56,15,2.21,NZ,1651629534
pevek,69.7008,170.3133,26.44,79,71,4.36,RU,1651629535
saint-joseph,-21.3667,55.6167,70.18,82,24,11.72,RE,1651629535
sinnamary,5.3833,-52.95,75.74,93,100,5.79,GF,1651629419
carnarvon,-24.8667,113.6333,75.27,41,6,14.97,AU,1651629536
plavsk,53.7094,37.2919,46.8,91,100,6.91,RU,1651629537
alexandria,31.2156,29.9553,64.94,82,40,11.5,EG,1651629284
cidreira,-30.1811,-50.2056,65.07,87,100,16.82,BR,1651629538
chiclana,-35.7346,-61.7503,49.23,64,0,8.05,AR,1651629539
fortuna,40.5982,-124.1573,57.85,79,40,16.11,US,1651629540
butaritari,3.0707,172.7902,81.91,75,17,12.21,KI,1651629541
svetlogorsk,52.6333,29.7333,40.41,81,40,8.88,BY,1651629541
thompson,55.7435,-97.8558,32.16,55,20,5.75,CA,1651629542
murcia,38.0,-1.5,55.35,86,100,3.76,ES,1651629542
inuvik,68.3499,-133.7218,30.96,83,100,9.22,CA,1651629543
fort nelson,58.8053,-122.7002,56.79,44,75,9.22,CA,1651629544
atuona,-9.8,-139.0333,79.41,77,100,18.68,PF,1651629545
moussoro,13.6408,16.4901,85.5,37,99,10.63,TD,1651629545
port hedland,-20.3167,118.5667,87.85,40,0,24.16,AU,1651629546
cape town,-33.9258,18.4232,62.89,87,1,4.0,ZA,1651629503
dunmore town,25.5,-76.65,77.34,84,100,13.31,BS,1651629548
lotoshino,56.2267,35.6414,35.1,84,84,7.11,RU,1651629548
khasan,42.4308,130.6434,54.05,69,31,8.52,RU,1651629549
cabo san lucas,22.8909,-109.9124,76.6,62,37,8.01,MX,1651629490
ribeira grande,38.5167,-28.7,62.53,87,16,10.58,PT,1651629550
tasiilaq,65.6145,-37.6368,22.17,91,100,4.03,GL,1651629327
neijiang,29.5835,105.0622,72.34,50,100,2.17,CN,1651629551
formosa do rio preto,-11.0483,-45.1931,76.75,58,92,1.9,BR,1651629552
hithadhoo,-0.6,73.0833,80.87,82,100,20.11,MV,1651629552
vega de alatorre,20.0333,-96.6333,79.79,87,100,9.86,MX,1651629553
urucui,-7.2294,-44.5561,78.22,71,100,4.16,BR,1651629553
punta arenas,-53.15,-70.9167,41.11,87,100,27.63,CL,1651629404
naze,28.3667,129.4833,70.72,61,100,12.39,JP,1651629554
hasaki,35.7333,140.8333,72.28,58,0,19.39,JP,1651629555
nantucket,41.2835,-70.0995,48.31,89,100,11.16,US,1651629320
sarangani,5.4033,125.4636,83.26,72,94,6.51,PH,1651629556
torbay,47.6666,-52.7314,40.28,89,100,16.11,CA,1651629557
jutai,-5.1833,-68.9,73.89,94,99,1.63,BR,1651629557
semey,50.4111,80.2275,44.82,39,0,11.18,KZ,1651629558
upernavik,72.7868,-56.1549,-0.13,99,64,4.97,GL,1651629411
mahuva,21.0914,71.7622,81.36,77,0,7.94,IN,1651629559
east london,-33.0153,27.9116,65.75,55,100,2.35,ZA,1651629560
husavik,66.0449,-17.3389,31.19,96,100,12.19,IS,1651629560
bontang,0.1333,117.5,83.3,75,100,1.7,ID,1651629561
guadix,37.2993,-3.1392,51.12,81,100,4.16,ES,1651629562
saldanha,-33.0117,17.9442,58.93,97,1,10.36,ZA,1651629562
norman wells,65.282,-126.8329,57.24,44,75,18.41,CA,1651629563
hermanus,-34.4187,19.2345,60.8,94,3,6.62,ZA,1651629564
rezekne,56.5,27.3167,28.53,79,13,9.22,LV,1651629565
lourdes,43.1,-0.05,53.08,87,100,3.44,FR,1651629565
bengkulu,-3.8004,102.2655,80.6,77,95,2.37,ID,1651629566
kaniama,-7.5667,24.1833,64.47,90,55,4.25,CD,1651629566
bairiki,1.3292,172.9752,86.0,70,75,8.05,KI,1651629567
rio gallegos,-51.6226,-69.2181,44.65,61,0,28.77,AR,1651629423
camacupa,-12.0167,17.4833,54.23,75,14,4.83,AO,1651629568
mahudha,22.8167,72.9333,86.18,45,0,3.65,IN,1651629568
sur,22.5667,59.5289,82.87,46,0,5.06,OM,1651629569
thunder bay,48.4001,-89.3168,42.78,61,20,4.61,CA,1651629281
port alfred,-33.5906,26.891,60.19,97,12,7.49,ZA,1651629570
novoanninskiy,50.5287,42.6747,43.48,64,0,7.9,RU,1651629570
lasa,46.6166,10.7002,44.37,92,100,1.19,IT,1651629571
albany,42.6001,-73.9662,54.88,75,100,4.0,US,1651629401
la sarre,48.8002,-79.1996,36.61,97,100,7.61,CA,1651629572
hobart,-42.8794,147.3294,58.01,87,100,3.44,AU,1651629319
palu,-0.8917,119.8707,90.16,60,59,1.7,ID,1651629573
aklavik,68.2191,-135.0107,32.86,93,100,9.98,CA,1651629574
dikson,73.5069,80.5464,5.95,94,24,4.09,RU,1651629575
barcelos,41.5388,-8.6151,62.74,79,14,4.83,PT,1651629575
loandjili,-4.7561,11.8578,77.11,94,20,3.44,CG,1651629576
yellowknife,62.456,-114.3525,45.12,49,20,19.57,CA,1651629281
rio grande,-32.035,-52.0986,60.94,81,100,15.7,BR,1651629577
nanortalik,60.1432,-45.2371,31.75,91,76,7.54,GL,1651629578
chokurdakh,70.6333,147.9167,31.8,100,100,4.59,RU,1651629340
talnakh,69.4865,88.3972,20.21,94,100,7.9,RU,1651629579
guerrero negro,27.9769,-114.0611,60.55,77,100,16.62,MX,1651629580
hit,33.6416,42.8251,76.35,35,47,13.53,IQ,1651629580
iqaluit,63.7506,-68.5145,10.13,79,20,12.66,CA,1651629581
half moon bay,37.4636,-122.4286,75.79,74,0,12.66,US,1651629582
lorengau,-2.0226,147.2712,84.27,74,52,4.47,PG,1651629405
madaoua,14.073,5.96,89.82,14,79,6.87,NE,1651629583
avarua,-21.2078,-159.775,82.45,78,75,6.91,CK,1651629584
severo-kurilsk,50.6789,156.125,35.31,99,100,11.52,RU,1651629584
esperance,-33.8667,121.9,57.04,56,100,12.01,AU,1651629335
mahebourg,-20.4081,57.7,75.49,88,75,6.91,MU,1651629585
keti bandar,24.1447,67.4497,80.87,77,0,12.26,PK,1651629586
laguna,38.421,-121.4238,82.06,25,0,10.36,US,1651629586
noyabrsk,63.1994,75.4507,31.51,77,100,23.42,RU,1651629587
grand gaube,-20.0064,57.6608,75.6,86,48,5.01,MU,1651629588
bafia,4.75,11.2333,70.52,99,100,2.98,CM,1651629588
vaini,-21.2,-175.2,76.39,64,82,12.26,TO,1651629589
kodinsk,58.6881,99.1844,38.73,62,15,11.12,RU,1651629590
jingdezhen,29.2947,117.2079,76.03,50,56,2.95,CN,1651629591
la ronge,55.1001,-105.2842,32.25,86,100,10.36,CA,1651629592
muroto,33.2833,134.15,63.93,57,57,6.96,JP,1651629593
georgetown,5.4112,100.3354,85.93,87,20,5.01,MY,1651629382
mnogovershinnyy,53.9353,139.9242,35.38,79,34,4.43,RU,1651629594
khatanga,71.9667,102.5,20.3,93,100,7.45,RU,1651629594
hilo,19.7297,-155.09,76.28,100,82,3.0,US,1651629332
atambua,-9.1061,124.8925,83.93,63,20,1.99,ID,1651629595
peace river,56.2501,-117.286,59.31,41,100,23.02,CA,1651629430
gold coast,-28.0,153.4333,78.01,79,100,9.22,AU,1651629562
mopipi,-21.1833,24.8833,58.89,60,0,8.14,BW,1651629596
kodiak,57.79,-152.4072,39.54,94,100,10.29,US,1651629597
katsuura,35.1333,140.3,66.56,60,0,17.11,JP,1651629598
malaga,36.7202,-4.4203,59.74,81,75,8.05,ES,1651629598
guadalupe y calvo,26.1,-106.9667,52.5,26,45,3.51,MX,1651629599
trat,12.5,102.5,78.91,79,92,9.44,TH,1651629600
avera,33.194,-82.5271,74.37,73,14,7.4,US,1651629602
lompoc,34.6391,-120.4579,69.94,64,16,30.0,US,1651629604
saint-philippe,-21.3585,55.7679,71.19,83,47,11.61,RE,1651629604
port elizabeth,-33.918,25.5701,65.32,94,50,8.99,ZA,1651629605
puerto ayora,-0.7393,-90.3518,71.85,90,54,5.23,EC,1651629607
taree,-31.9,152.4667,77.11,52,0,3.04,AU,1651629614
buraydah,26.326,43.975,79.72,18,0,10.0,SA,1651629617
palmer,42.1584,-72.3287,53.44,79,96,1.01,US,1651629622
santa cruz,-17.8,-63.1667,62.06,72,75,6.91,BO,1651629278
lebu,-37.6167,-73.65,53.28,90,97,15.77,CL,1651629422
tuktoyaktuk,69.4541,-133.0374,24.8,93,100,10.36,CA,1651629623
mogadishu,2.0371,45.3438,79.5,85,99,13.44,SO,1651629624
kavieng,-2.5744,150.7967,84.49,72,61,5.28,PG,1651629625
longyearbyen,78.2186,15.6401,12.04,67,20,6.91,SJ,1651629625
marsa matruh,31.3525,27.2453,61.75,80,20,14.5,EG,1651629626
goderich,43.7501,-81.7165,48.9,97,100,15.37,CA,1651629627
luderitz,-26.6481,15.1594,68.04,47,0,7.38,NA,1651629627
destin,30.3935,-86.4958,75.97,87,97,4.0,US,1651629628
kruisfontein,-34.0033,24.7314,58.37,90,0,6.58,ZA,1651629629
makushino,55.2103,67.2442,47.28,52,78,6.46,RU,1651629630
hofn,64.2539,-15.2082,37.87,77,100,18.9,IS,1651629331
yerbogachen,61.2767,108.0108,31.26,87,100,13.8,RU,1651629631
fairbanks,64.8378,-147.7164,56.25,36,0,4.61,US,1651628922
lamar,33.6668,-95.5836,58.98,94,100,4.61,US,1651629632
hobyo,5.3505,48.5268,81.9,64,62,7.87,SO,1651629633
panormos,35.4182,24.6909,58.86,79,7,2.73,GR,1651629634
ilulissat,69.2167,-51.1,26.62,80,100,5.75,GL,1651629634
vredendal,-31.6683,18.5012,59.99,69,0,4.54,ZA,1651629635
coahuayana,18.7333,-103.6833,73.26,80,50,2.13,MX,1651629636
kamina,-8.7386,24.9906,61.7,89,62,3.94,CD,1651629636
arraial do cabo,-22.9661,-42.0278,75.61,85,2,19.04,BR,1651629637
podgornoye,51.735,39.1496,50.22,46,0,8.95,RU,1651629638
esmeraldas,-19.7625,-44.3139,66.97,56,39,2.33,BR,1651629640
west bay,19.3667,-81.4167,82.47,80,75,6.91,KY,1651629641
catalina foothills,32.2979,-110.9187,81.93,13,100,5.01,US,1651629641
saint george,37.1041,-113.5841,73.63,16,0,19.57,US,1651629642
vila franca do campo,37.7167,-25.4333,64.2,78,100,3.47,PT,1651629643
port macquarie,-31.4333,152.9167,76.89,63,0,8.72,AU,1651629643
bud,39.447,-86.1758,62.46,87,61,13.35,US,1651629644
padang,-0.9492,100.3543,78.85,95,100,8.05,ID,1651629645
foumban,5.7291,10.9001,63.73,96,100,4.83,CM,1651629646
olafsvik,64.8945,-23.7142,34.3,64,68,10.69,IS,1651629647
broken hill,-31.95,141.4333,65.52,56,0,12.75,AU,1651629648
arroio grande,-32.2375,-53.0869,58.78,91,99,7.09,BR,1651629648
mar del plata,-38.0023,-57.5575,50.88,78,0,11.01,AR,1651629352
qaanaaq,77.484,-69.3632,17.83,75,100,4.47,GL,1651629650
yulara,-25.2406,130.9889,69.64,37,50,14.97,AU,1651629575
asadabad,34.7824,48.1185,50.9,73,16,5.28,IR,1651629651
methoni,36.8197,21.7049,58.21,84,0,11.59,GR,1651629652
oktyabrskiy,54.4815,53.471,43.07,66,7,6.78,RU,1651629652
victoria,22.2855,114.1577,80.04,56,21,5.99,HK,1651629421
ugoofaaru,5.6667,73.0,84.65,70,100,14.32,MV,1651629653
kalmunai,7.4167,81.8167,83.16,77,58,5.46,LK,1651629655
qurayyat,31.3318,37.3428,67.66,42,26,5.84,SA,1651629655
luganville,-15.5333,167.1667,84.25,72,40,6.38,VU,1651629656
asau,46.4333,26.4,48.96,89,100,3.4,RO,1651629657
xudat,41.631,48.681,48.56,71,69,3.74,AZ,1651629657
kapaa,22.0752,-159.319,82.38,84,55,3.0,US,1651629658
port lincoln,-34.7333,135.8667,59.99,46,49,18.19,AU,1651629659
klamath falls,42.2249,-121.7817,60.85,64,100,5.39,US,1651629659
bow island,49.8668,-111.3684,62.62,38,61,8.66,CA,1651629660
porto velho,-8.7619,-63.9039,77.05,94,20,2.3,BR,1651629662
okhotsk,59.3833,143.3,33.64,77,49,5.19,RU,1651629662
jalu,29.0331,21.5482,59.99,57,2,8.59,LY,1651629663
faanui,-16.4833,-151.75,82.06,73,37,12.06,PF,1651629664
yenagoa,4.9247,6.2642,76.3,92,94,4.18,NG,1651629665
oranjemund,-28.55,16.4333,55.58,89,0,5.95,NA,1651629665
narsaq,60.9167,-46.05,35.82,81,95,3.36,GL,1651629666
benguela,-12.5763,13.4055,75.2,75,0,2.8,AO,1651629667
magadan,59.5667,150.8,38.53,75,57,5.26,RU,1651629668
marijampole,54.5667,23.35,30.18,67,2,5.08,LT,1651629669
dekar,-21.5333,21.9333,55.53,46,0,6.15,BW,1651629670
tilichiki,60.4667,166.1,31.08,94,15,5.44,RU,1651629671
oda,35.1833,132.5,65.01,56,0,10.22,JP,1651629671
anadyr,64.75,177.4833,27.1,79,0,13.42,RU,1651629672
san luis,-33.295,-66.3356,51.82,39,0,7.74,AR,1651629403
bonthe,7.5264,-12.505,80.4,82,2,5.03,SL,1651629576
seara,41.1818,-7.8003,54.93,71,6,5.68,PT,1651629673
beaufort,5.3473,115.7455,89.13,59,93,1.03,MY,1651629496
saskylakh,71.9167,114.0833,25.99,88,99,8.97,RU,1651629674
kallaste,58.655,27.1592,35.83,74,38,11.99,EE,1651629675
ughelli,5.4899,6.0074,75.74,91,100,2.91,NG,1651629676
buala,-8.145,159.5921,86.14,55,100,2.91,SB,1651629677
hamilton,39.1834,-84.5333,67.19,91,78,1.99,US,1651629484
nalut,30.3333,10.85,66.97,22,49,13.4,LY,1651629678
henties bay,-22.116,14.2845,68.92,58,0,1.7,NA,1651629679
arlit,18.7369,7.3853,84.76,11,2,9.71,NE,1651629680
stykkisholmur,65.0757,-22.7297,32.11,75,89,17.13,IS,1651629603
clyde river,70.4692,-68.5914,6.08,77,88,4.74,CA,1651629681
turbat,26.0023,63.044,86.14,26,0,4.94,PK,1651629679
bodden town,19.2833,-81.25,82.4,76,75,6.91,KY,1651629682
chuy,-33.6971,-53.4616,55.62,84,8,4.65,UY,1651629682
alenquer,-1.9417,-54.7383,74.55,96,100,2.08,BR,1651629683
nishihara,26.1842,127.7558,73.06,68,75,10.36,JP,1651629684
portland,45.5234,-122.6762,60.85,62,25,10.0,US,1651629685
lucera,41.5082,15.3351,49.3,86,55,3.15,IT,1651629536
vardo,70.3705,31.1107,27.48,71,95,23.73,NO,1651629686
gurlan,41.8447,60.3919,64.47,71,99,5.59,UZ,1651629687
rocha,-34.4833,-54.3333,50.13,88,0,1.95,UY,1651629687
prince rupert,54.3161,-130.3201,44.69,93,100,13.8,CA,1651629615
sorong,-0.8833,131.25,85.5,70,100,5.21,ID,1651629688
gravdal,68.1214,13.5031,34.29,57,92,6.76,NO,1651629689
cockburn town,21.4612,-71.1419,78.3,85,69,20.87,TC,1651629690
santa vitoria do palmar,-33.5189,-53.3681,56.46,82,23,5.26,BR,1651629690
lagoa,39.05,-27.9833,61.25,88,55,9.55,PT,1651629563
mecca,21.4267,39.8261,83.48,24,1,2.04,SA,1651629611
brigantine,39.4101,-74.3646,50.2,94,91,10.6,US,1651629692
ust-kalmanka,52.1207,83.305,46.62,35,0,16.04,RU,1651629692
darhan,49.4867,105.9228,55.29,46,100,11.95,MN,1651629693
gonbad-e qabus,37.25,55.1672,58.6,85,69,1.52,IR,1651629694
sambava,-14.2667,50.1667,74.41,87,60,10.31,MG,1651629694
sivas,39.7916,37.0019,45.93,87,72,4.81,TR,1651629695
klaksvik,62.2266,-6.589,47.32,98,100,15.26,FO,1651629696
airai,-8.9266,125.4092,74.25,57,27,3.87,TL,1651629696
kaifeng,34.7911,114.3483,83.21,27,0,12.91,CN,1651629697
ayan,56.45,138.1667,30.94,95,77,3.44,RU,1651629698
seoul,37.5683,126.9778,67.57,28,0,9.22,KR,1651629520
gazanjyk,39.2446,55.5154,64.47,74,99,5.59,TM,1651629699
talcahuano,-36.7167,-73.1167,53.8,88,90,8.61,CL,1651629699
sainte-rose,16.3324,-61.6979,78.84,83,75,3.44,GP,1651629700
rafaela,-31.2503,-61.4867,54.99,51,0,4.34,AR,1651629623
casablanca,33.5928,-7.6192,60.33,72,40,5.99,MA,1651629696
dasoguz,41.8363,59.9666,62.76,70,100,5.03,TM,1651629701
tucuman,-26.8241,-65.2226,53.11,70,0,3.96,AR,1651629617
okoneshnikovo,54.8377,75.0834,47.86,50,7,3.89,RU,1651629702
ixtapa,20.7,-105.2,76.23,77,100,3.0,MX,1651629702
byron bay,-28.65,153.6167,73.29,74,46,4.16,AU,1651629569
kaitangata,-46.2817,169.8464,61.57,60,7,4.32,NZ,1651629703
mackenzie,55.2999,-123.1698,47.14,81,100,8.28,CA,1651629624
meulaboh,4.1363,96.1285,77.95,86,100,7.05,ID,1651629704
castro,-24.7911,-50.0119,61.88,96,100,8.81,BR,1651629704
catuday,16.2923,119.8062,83.46,67,94,4.45,PH,1651629705
gizo,-8.103,156.8419,84.88,68,59,4.65,SB,1651629706
waipawa,-41.4122,175.5153,63.18,60,14,8.16,NZ,1651629707
jasper,37.2001,-94.3502,54.05,77,79,1.01,US,1651629708
dodge city,37.7528,-100.0171,53.94,78,2,8.99,US,1651629709
thinadhoo,0.5333,72.9333,79.77,87,100,19.28,MV,1651629411
mulchen,-37.7167,-72.2333,53.42,83,100,7.65,CL,1651629710
san fernando,15.0286,120.6898,92.91,42,95,4.88,PH,1651629710
claveria,18.6074,121.0832,85.1,70,81,3.49,PH,1651629711
san policarpo,12.1791,125.5072,83.68,68,32,10.2,PH,1651629712
punta cardon,11.6581,-70.215,79.75,81,39,32.28,VE,1651629712
oakland,42.6667,-83.3999,50.56,91,100,13.8,US,1651629322
salalah,17.0151,54.0924,81.55,56,0,2.04,OM,1651629713
florianopolis,-27.6146,-48.5012,63.7,98,100,12.12,BR,1651629714
hvide sande,56.0045,8.1294,39.09,81,36,3.85,DK,1651629715
sukhoy log,56.9094,62.0296,44.89,54,30,7.31,RU,1651629715
tiksi,71.6872,128.8694,18.73,80,7,3.29,RU,1651629716
trairi,-3.2778,-39.2689,79.21,86,100,8.55,BR,1651629716
liepaja,56.5419,21.0367,24.78,100,0,2.3,LV,1651629717
kafue,-15.7691,28.1814,55.87,89,23,3.31,ZM,1651629718
manzhouli,49.6,117.4333,65.55,34,57,16.04,CN,1651629718
port blair,11.6667,92.75,80.69,82,99,7.92,IN,1651629719
olavarria,-36.8927,-60.3225,50.02,77,3,7.34,AR,1651629720
biltine,14.5333,20.9167,86.05,31,44,2.59,TD,1651629721
moundou,8.5667,16.0833,79.36,66,100,4.65,TD,1651629722
lubango,-14.9172,13.4925,56.68,66,44,7.25,AO,1651629722
riyadh,24.6877,46.7219,77.14,19,0,8.43,SA,1651629490
chiredzi,-21.05,31.6667,60.66,92,6,1.88,ZW,1651629723
imbituba,-28.24,-48.6703,64.85,95,100,14.5,BR,1651629724
troitsko-pechorsk,62.7084,56.1964,35.98,98,100,7.23,RU,1651629725
les cayes,18.2,-73.75,76.98,87,2,4.9,HT,1651629725
ternate,0.8,127.4,85.01,69,27,3.53,ID,1651629726
balkhash,46.844,74.9804,48.81,49,75,22.37,KZ,1651629726
komsomolskiy,40.4272,71.7189,70.52,52,100,2.3,UZ,1651629727
xinyu,27.8043,114.9334,73.76,57,93,2.84,CN,1651629629
ipixuna,-1.7625,-48.8043,73.67,98,100,2.37,BR,1651629728
dingle,10.9995,122.6711,85.75,67,100,10.78,PH,1651629729
skhisma,35.2667,25.7167,60.84,83,41,9.04,GR,1651629729
howard,39.2504,-76.933,64.6,81,100,1.99,US,1651629730
rawson,-43.3002,-65.1023,62.64,48,100,14.99,AR,1651629664
canutama,-6.5339,-64.3831,73.94,97,98,2.35,BR,1651629732
tula,54.2044,37.6111,44.74,87,99,5.91,RU,1651629732
provideniya,64.3833,-173.3,19.51,68,75,13.42,RU,1651629733
mount isa,-20.7333,139.5,82.17,28,0,8.05,AU,1651629696
portogruaro,45.7753,12.8386,60.19,85,98,1.34,IT,1651629734
pitimbu,-7.4706,-34.8086,79.52,84,24,11.95,BR,1651629735
lima,-12.0432,-77.0282,70.9,73,0,8.05,PE,1651629205
kupang,-10.1667,123.5833,86.85,61,86,11.48,ID,1651629670
nyimba,-14.5566,30.8149,59.85,90,85,2.39,ZM,1651629736
vanimo,-2.6741,141.3028,82.89,82,79,2.1,PG,1651629736
lavrentiya,65.5833,-171.0,19.13,72,97,5.79,RU,1651629653
pochutla,15.7432,-96.4661,82.81,64,100,7.58,MX,1651629737
yunyang,33.4474,112.7142,74.35,46,0,10.54,CN,1651629738
erenhot,43.6475,111.9767,73.89,7,40,16.11,CN,1651629738
jiangyin,31.9282,120.3126,75.97,35,0,8.88,CN,1651629739
tibati,6.4667,12.6333,67.26,93,100,4.32,CM,1651629739
te anau,-45.4167,167.7167,61.43,55,23,1.12,NZ,1651629740
arroyo,41.6096,-4.7969,47.14,85,0,6.91,ES,1651629677
natchez,31.5604,-91.4032,72.84,91,0,0.0,US,1651629741
itarema,-2.9248,-39.9167,78.62,90,100,10.49,BR,1651629741
san cristobal,7.7669,-72.225,66.85,80,50,2.53,VE,1651629742
waingapu,-9.6567,120.2641,86.02,65,44,14.27,ID,1651629742
onega,63.9061,38.1404,27.23,82,95,12.71,RU,1651629743
bambous virieux,-20.3428,57.7575,74.21,80,5,10.11,MU,1651629743
hami,42.8,93.45,80.4,9,75,2.39,CN,1651629744
golyshmanovo,56.3979,68.3728,45.79,54,0,9.13,RU,1651629745
san patricio,28.017,-97.5169,79.07,87,1,10.76,US,1651629745
izyaslav,50.1195,26.8213,43.95,88,72,5.97,UA,1651629746
kushima,31.4583,131.2333,70.03,52,100,5.82,JP,1651629746
praia,14.9215,-23.5087,70.02,85,10,12.08,CV,1651629747
faya,18.3851,42.4509,66.18,54,0,3.11,SA,1651629748
unirea,44.15,23.1833,46.98,78,44,4.14,RO,1651629749
paita,-5.0892,-81.1144,68.2,81,59,13.06,PE,1651629749
grindavik,63.8424,-22.4338,34.27,80,75,13.8,IS,1651629750
qasigiannguit,68.8193,-51.1922,26.85,96,100,7.94,GL,1651629751
turukhansk,65.8167,87.9833,26.83,81,100,14.79,RU,1651629752
aksarka,66.5606,67.7975,34.72,100,100,17.74,RU,1651629752
vila velha,-20.3297,-40.2925,78.75,83,20,11.5,BR,1651629753
klyuchi,52.2667,79.1667,46.94,32,20,10.07,RU,1651629754
sabha,27.0377,14.4283,67.73,27,25,13.24,LY,1651629754
batemans bay,-35.7167,150.1833,73.44,49,29,5.7,AU,1651629755
ancud,-41.8697,-73.8203,53.22,97,100,9.66,CL,1651629747
coihaique,-45.5752,-72.0662,40.93,98,100,5.91,CL,1651629669
tura,25.5198,90.2201,77.36,64,2,1.63,IN,1651629756
bac lieu,9.285,105.7244,85.6,66,58,8.66,VN,1651629757
geraldton,-28.7667,114.6,66.61,52,11,28.77,AU,1651629758
bima,-8.4667,118.7167,87.04,67,98,5.91,ID,1651629759
kismayo,-0.3582,42.5454,78.51,86,100,11.34,SO,1651629759
caribou,46.8606,-68.012,54.84,50,100,6.4,US,1651629760
kununurra,-15.7667,128.7333,93.18,36,0,11.5,AU,1651629761
itororo,-15.1169,-40.0703,66.0,94,27,2.26,BR,1651629761
tautira,-17.7333,-149.15,80.94,77,76,12.93,PF,1651629671
ciudad bolivar,8.1222,-63.5497,83.88,59,67,15.41,VE,1651629762
nelson bay,-32.7167,152.15,76.08,64,0,3.0,AU,1651629763
calabozo,8.9242,-67.4293,87.46,42,96,4.99,VE,1651629764
pestravka,52.405,49.9583,45.5,59,34,7.0,RU,1651629764
conceicao do araguaia,-8.2578,-49.2647,76.42,85,100,2.84,BR,1651629742
novonukutskiy,53.7002,102.7117,42.73,73,100,8.66,RU,1651629765
san rafael,-34.6177,-68.3301,58.86,28,4,8.12,AR,1651629468
sfantu gheorghe,45.8667,25.7833,51.93,79,100,0.78,RO,1651629766
ningxiang,37.34,111.2052,69.44,22,100,14.38,CN,1651629767
cookeville,36.1628,-85.5016,74.19,84,0,4.61,US,1651629701
youghal,51.95,-7.8506,51.01,100,93,5.95,IE,1651629768
itaperucu,-25.22,-49.3478,63.12,98,100,4.45,BR,1651629769
moranbah,-22.0016,148.0466,81.41,46,0,12.06,AU,1651629770
pemba,-12.974,40.5178,71.91,82,9,13.87,MZ,1651629771
wanlaweyn,2.6185,44.8938,77.45,84,100,11.54,SO,1651629771
karasjok,69.4719,25.5112,17.06,96,100,5.12,NO,1651629772
requena,39.4883,-1.1004,47.52,87,100,11.34,ES,1651629773
zhicheng,30.2956,111.5047,75.6,47,0,2.48,CN,1651629773
mount gambier,-37.8333,140.7667,58.08,46,43,10.96,AU,1651629774
andenes,69.3143,16.1194,33.78,55,20,24.16,NO,1651629775
maceio,-9.6658,-35.7353,76.44,94,75,2.3,BR,1651629482
karratha,-20.7377,116.8463,86.34,40,0,18.52,AU,1651629776
havre-saint-pierre,50.2334,-63.5986,37.04,90,18,3.04,CA,1651629776
penzance,50.1186,-5.5371,51.8,87,12,6.24,GB,1651629777
urumqi,43.801,87.6005,63.55,52,0,2.24,CN,1651629724
maba,24.6841,113.5984,73.99,62,96,2.98,CN,1651629778
chernenko,44.365,39.3103,42.69,92,73,1.23,RU,1651629779
hongjiang,27.11,109.9956,72.9,56,100,1.81,CN,1651629780
samarai,-10.6167,150.6667,83.59,72,20,7.29,PG,1651629780
ellisras,-23.6649,27.7443,57.13,65,0,2.48,ZA,1651629781
kedrovyy,56.1667,91.8167,36.01,82,100,11.9,RU,1651629782
bergen,60.392,5.328,41.07,85,100,0.0,NO,1651629783
codrington,-38.2667,141.9667,55.24,62,100,12.93,AU,1651629732
bambanglipuro,-7.95,110.2833,84.06,75,90,11.45,ID,1651629784
alice springs,-23.7,133.8833,71.15,33,100,8.05,AU,1651629621
bagdarin,54.4333,113.6,45.45,19,0,14.29,RU,1651629785
sitka,57.0531,-135.33,44.49,76,100,9.22,US,1651629786
burnie,-41.0667,145.9167,58.91,78,100,9.13,AU,1651629622
sisimiut,66.9395,-53.6735,19.65,83,96,13.09,GL,1651629787
tondano,1.3038,124.9112,82.49,60,100,1.14,ID,1651629787
zaoyang,32.1272,112.7542,75.99,42,0,13.51,CN,1651629788
srednekolymsk,67.45,153.6833,35.02,98,100,6.67,RU,1651629789
healdsburg,38.6105,-122.8692,77.05,45,0,6.91,US,1651629709
bitung,1.4451,125.1824,90.45,69,100,2.35,ID,1651629578
yarensk,62.1675,49.0916,34.16,89,9,7.25,RU,1651629790
fairview,40.8126,-73.999,54.12,81,100,10.36,US,1651629791
emerald,-23.5333,148.1667,80.35,53,9,10.6,AU,1651629792
machinga,-15.1685,35.3,60.51,94,81,3.09,MW,1651629792
chapais,49.7834,-74.8492,44.69,96,100,5.55,CA,1651629793
sunrise manor,36.2111,-115.0731,81.25,9,0,14.97,US,1651629794
kushmurun,52.4503,64.6311,49.57,39,100,10.65,KZ,1651629795
muros,42.7762,-9.0603,57.09,74,8,13.47,ES,1651629795
manta,-0.95,-80.7333,74.16,88,100,12.82,EC,1651629796
lagos,6.5833,3.75,80.92,88,100,3.49,NG,1651629576
inhambane,-23.865,35.3833,68.77,82,45,5.64,MZ,1651629797
tobol,52.6844,62.5794,48.0,36,99,7.18,KZ,1651629798
pasni,25.2631,63.471,79.74,80,0,5.44,PK,1651629799
norton,-17.8833,30.7,54.25,92,94,3.69,ZW,1651629800
kadiri,14.1167,78.1667,86.9,38,100,5.77,IN,1651629801
vallenar,-28.5708,-70.7581,66.96,36,3,1.79,CL,1651629802
necochea,-38.5473,-58.7368,50.59,71,2,13.42,AR,1651629802
akdepe,42.0551,59.3788,63.25,69,100,5.82,TM,1651629803
udachnyy,66.4167,112.4,32.45,50,100,17.11,RU,1651629804
praxedis guerrero,31.3667,-106.0167,79.02,10,100,10.58,MX,1651629804
labuhan,-6.8844,112.2051,83.73,77,100,4.79,ID,1651629805
novoagansk,61.9449,76.6625,33.1,75,99,13.65,RU,1651629805
souillac,-20.5167,57.5167,74.48,86,21,9.48,MU,1651629806
hualmay,-11.0964,-77.6139,65.05,87,4,6.06,PE,1651629807
antofagasta,-23.65,-70.4,60.6,81,53,1.52,CL,1651629807
kisaran,2.9845,99.6158,79.75,86,100,2.82,ID,1651629561
sironj,24.1,77.7,87.53,31,20,14.72,IN,1651629809
vangaindrano,-23.35,47.6,68.32,83,34,0.98,MG,1651629809
bilibino,68.0546,166.4372,29.12,91,93,3.04,RU,1651629725
camacha,33.0833,-16.3333,60.22,63,20,14.97,PT,1651629810
viedma,-40.8135,-62.9967,59.02,44,68,10.2,AR,1651629811
roald,62.5833,6.1333,43.75,70,100,13.8,NO,1651629812
leningradskiy,69.3833,178.4167,21.42,84,84,5.53,RU,1651629813
metro,-5.1131,105.3067,82.42,76,99,4.32,ID,1651629814
tessalit,20.1986,1.0114,78.1,10,56,6.64,ML,1651629815
wagar,16.1525,36.2032,86.97,42,0,7.0,SD,1651629815
ola,59.5833,151.2833,39.15,79,71,5.41,RU,1651629816
rantauprapat,2.1,99.8333,80.26,82,100,0.72,ID,1651629817
mehamn,71.0357,27.8492,26.49,69,100,18.86,NO,1651629817
namtsy,62.7161,129.6658,34.48,91,100,8.34,RU,1651629818
mogotes,6.4756,-72.9705,62.04,89,56,4.21,CO,1651629819
pisco,-13.7,-76.2167,65.01,86,27,2.08,PE,1651629819
ulaangom,49.9811,92.0667,53.31,36,88,13.04,MN,1651629820
morehead,37.2711,-87.1764,65.95,68,100,9.22,US,1651629821
sawakin,19.1059,37.3321,83.12,58,0,4.5,SD,1651629822
acapulco,16.8634,-99.8901,80.29,62,4,7.09,MX,1651629626
cotonou,6.3654,2.4183,80.49,82,100,6.8,BJ,1651629823
saint-georges,12.0564,-61.7485,79.03,82,22,13.06,GD,1651629824
paamiut,61.994,-49.6678,26.94,86,100,10.2,GL,1651629825
marihatag,8.7936,126.2969,80.69,85,97,4.05,PH,1651629825
ararat,39.8317,44.7049,55.74,75,94,4.34,AM,1651629826
le port,-20.9373,55.2919,72.25,69,27,5.53,RE,1651629827
calvinia,-31.4707,19.776,58.6,27,0,3.42,ZA,1651629813
fatezh,52.0891,35.8632,49.98,95,99,7.2,RU,1651629828
hailar,49.2,119.7,65.77,34,12,7.7,CN,1651629828
khovu-aksy,51.1333,93.6,44.69,53,86,12.28,RU,1651629829
san-pedro,4.7485,-6.6363,79.72,84,10,6.26,CI,1651629830
rairangpur,22.2676,86.1751,84.42,55,0,2.51,IN,1651629831
sept-iles,50.2001,-66.3821,40.05,69,16,1.99,CA,1651629682
tigil,57.8,158.6667,34.72,79,65,3.0,RU,1651629831
dubuque,42.4833,-90.8668,48.02,72,40,8.05,US,1651629832
harper,4.375,-7.7169,80.44,79,0,6.06,LR,1651629833
petropavlovsk-kamchatskiy,53.0452,158.6483,39.79,60,75,6.71,RU,1651629834
yambio,4.5721,28.3955,66.58,97,79,1.59,SS,1651629835
shizunai,42.3339,142.3669,49.21,88,100,24.96,JP,1651629724
zhanakorgan,43.9098,67.2495,65.61,69,70,11.18,KZ,1651629836
ondjiva,-17.0667,15.7333,57.92,62,0,7.0,AO,1651629837
miles city,46.4083,-105.8406,57.27,55,99,9.82,US,1651629604
floro,61.5996,5.0328,42.76,70,100,9.22,NO,1651629838
lata,40.1629,-8.3327,52.07,77,0,5.39,PT,1651629839
waitati,-45.75,170.5667,59.81,74,10,5.3,NZ,1651629840
sao filipe,14.8961,-24.4956,71.35,82,13,4.65,CV,1651629840
deputatskiy,69.3,139.9,26.29,77,100,3.13,RU,1651629841
bar harbor,44.3876,-68.2039,45.27,82,0,7.0,US,1651629842
anton lizardo,19.05,-95.9833,82.22,88,45,10.11,MX,1651629843
richards bay,-28.783,32.0377,63.59,92,0,7.23,ZA,1651629843
belaya gora,68.5333,146.4167,32.61,100,100,4.23,RU,1651629844
mayo,38.8876,-76.5119,63.18,84,100,12.66,US,1651629845
saint anthony,45.0205,-93.218,53.65,49,0,6.91,US,1651629846
nianzishan,47.5167,122.8833,58.89,40,99,5.06,CN,1651629847
kudahuvadhoo,2.6708,72.8944,81.21,81,100,16.44,MV,1651629848
lyuban,52.7985,28.0048,39.06,78,22,9.24,BY,1651629849
ostrovnoy,68.0531,39.5131,25.68,86,100,12.19,RU,1651629849
maragogi,-9.0122,-35.2225,78.39,86,38,7.83,BR,1651629850
cayenne,4.9333,-52.3333,78.1,1,100,2.3,GF,1651629607
woodward,36.4337,-99.3904,56.43,70,0,12.66,US,1651629851
hambantota,6.1241,81.1185,80.94,100,75,3.44,LK,1651629852
los llanos de aridane,28.6585,-17.9182,62.35,74,75,10.36,ES,1651629853
teya,60.3778,92.6267,33.21,83,100,8.01,RU,1651629854
maarianhamina,60.0973,19.9348,24.66,93,0,1.14,AX,1651629855
tual,-5.6667,132.75,85.3,71,100,7.56,ID,1651629855
miranda,3.2499,-76.2281,73.53,90,39,6.76,CO,1651629856
chkalovsk,56.7647,43.2433,41.5,91,100,6.24,RU,1651629857
isangel,-19.55,169.2667,82.24,71,8,5.41,VU,1651629857
ponta do sol,32.6667,-17.1,63.23,65,4,7.49,PT,1651629858
rorvik,64.8621,11.2373,37.65,53,98,5.73,NO,1651629860
salumbar,24.1333,74.05,85.1,49,0,5.79,IN,1651629862
pimentel,-6.8367,-79.9342,65.66,84,5,10.6,PE,1651629863
kahului,20.8947,-156.47,74.84,88,97,8.01,US,1651629707
namatanai,-3.6667,152.4333,86.0,69,44,5.12,PG,1651629864
kjollefjord,70.9457,27.3465,28.45,68,100,20.33,NO,1651629865
baruun-urt,46.6806,113.2792,65.66,26,100,14.07,MN,1651629865
bilma,18.6853,12.9164,85.57,16,85,10.49,NE,1651629867
ouadda,8.0777,22.4007,70.47,87,100,2.19,CF,1651629867
qaqortoq,60.7167,-46.0333,31.93,81,81,3.36,GL,1651629868
sungaipenuh,-2.0833,101.3833,68.47,92,100,1.07,ID,1651629869
nizhniy tsasuchey,50.5167,115.1333,59.7,23,100,21.41,RU,1651629870
mufulira,-12.5498,28.2407,55.45,93,89,3.98,ZM,1651629870
khandyga,62.6667,135.6,40.28,79,100,7.36,RU,1651629871
kieta,-6.2167,155.6333,84.94,72,36,4.94,PG,1651629632
raga,8.4596,25.678,73.47,84,100,3.15,SS,1651629872
tadine,-21.55,167.8833,79.52,75,38,5.19,NC,1651629873
heishan,41.6892,122.1128,74.84,27,73,20.89,CN,1651629874
port moresby,-9.4431,147.1797,84.09,75,27,7.4,PG,1651629875
maumere,-8.6199,122.2111,85.01,70,100,3.89,ID,1651629876
haines junction,60.7522,-137.5108,40.84,75,100,6.67,CA,1651629876
port-gentil,-0.7193,8.7815,81.79,80,100,11.39,GA,1651629877
mudgee,-32.5943,149.5871,70.79,63,72,2.75,AU,1651629878
mackay,-21.15,149.2,81.68,77,55,13.18,AU,1651629879
banjar,-8.19,114.9675,87.71,64,98,1.97,ID,1651629880
saquena,-4.6667,-73.5167,74.05,81,99,0.78,PE,1651629880
alamor,-4.0181,-80.0197,61.43,95,100,3.49,EC,1651629881
senneterre,48.3835,-77.2328,44.49,90,100,6.85,CA,1651629882
ahipara,-35.1667,173.1667,68.95,66,92,8.41,NZ,1651629882
umea,63.8284,20.2597,27.91,80,0,8.05,SE,1651629883
normandin,48.8333,-72.5321,48.83,92,100,5.46,CA,1651629884
manono,-7.3,27.4167,67.33,85,65,3.65,CD,1651629885
uige,-7.6087,15.0613,65.66,82,25,3.09,AO,1651629885
halmasd,47.15,22.6167,46.96,94,29,2.91,RO,1651629886
lerici,44.0759,9.9112,59.36,83,100,3.74,IT,1651629886
manokwari,-0.8667,134.0833,83.66,71,42,3.74,ID,1651629887
puerto del rosario,28.5004,-13.8627,64.15,72,20,14.97,ES,1651629888
margate,51.3813,1.3862,49.3,78,32,1.01,GB,1651629889
kizema,61.113,44.8302,31.33,88,15,6.91,RU,1651629890
mangit,40.5971,70.9607,72.0,61,100,3.0,UZ,1651629891
shubarshi,48.5872,57.1869,49.51,80,100,8.72,KZ,1651629891
joshimath,30.5667,79.5667,67.3,50,2,1.14,IN,1651629893
neiafu,-18.65,-173.9833,78.69,65,86,10.09,TO,1651629893
beringovskiy,63.05,179.3167,26.46,73,15,11.36,RU,1651629894
uttaradit,17.6667,100.5,81.46,46,76,2.15,TH,1651629894
gigmoto,13.7796,124.39,85.05,70,72,11.14,PH,1651629895
kula,38.5473,28.6498,48.13,92,65,5.01,TR,1651629896
kirkenaer,60.4564,12.0582,35.13,55,100,2.73,NO,1651629897
gushikawa,26.3544,127.8686,72.99,68,75,9.22,JP,1651629898
butembo,0.15,29.2833,56.66,97,62,3.36,CD,1651629621
aldan,58.6031,125.3894,35.31,84,97,8.77,RU,1651629899
bandarbeyla,9.4942,50.8122,81.66,84,100,7.67,SO,1651629900
abu samrah,35.3029,37.1841,67.71,47,16,6.96,SY,1651629901
kavaratti,10.5669,72.642,85.14,69,100,8.05,IN,1651629902
puerto escondido,15.85,-97.0667,82.94,69,98,8.3,MX,1651629902
tanabe,33.7333,135.3667,67.19,57,95,6.46,JP,1651629903
caravelas,-17.7125,-39.2481,72.54,84,0,5.3,BR,1651629904
pak phanang,8.3511,100.202,82.2,78,88,4.63,TH,1651629904
sibolga,1.7427,98.7792,80.83,79,100,0.47,ID,1651629905
yinchuan,38.4681,106.2731,75.27,15,3,12.75,CN,1651629906
outjo,-20.1167,16.15,57.69,39,0,10.07,NA,1651629906
begunitsy,59.5855,29.3176,29.93,74,99,7.87,RU,1651629907
jambi,-1.6,103.6167,79.3,86,100,3.62,ID,1651629619
uddevalla,58.3478,11.9424,39.99,65,98,2.59,SE,1651629696
atyrau,47.1167,51.8833,41.02,75,0,6.71,KZ,1651629909
gamba,-2.65,10.0,77.13,92,29,4.72,GA,1651629910
marystown,47.1666,-55.1483,43.86,100,90,1.01,CA,1651629911
luena,-11.7833,19.9167,56.35,74,82,5.64,AO,1651629911
nome,64.5011,-165.4064,32.16,61,7,5.37,US,1651629912
wadi musa,30.3222,35.4793,59.36,55,3,14.0,JO,1651629913
puerto cabezas,14.0351,-83.3888,79.03,89,92,10.31,NI,1651629914
gandorhun,7.5,-11.8333,76.96,92,1,2.21,SL,1651629915
puerto ayacucho,5.6639,-67.6236,79.47,79,69,4.97,VE,1651629916
priekule,56.4468,21.5897,24.12,62,16,3.49,LV,1651629917
dobroye,52.8678,39.8109,47.84,89,100,8.77,RU,1651629917
nador,35.174,-2.9287,59.25,88,0,2.3,MA,1651629918
leh,34.1667,77.5833,45.59,62,30,4.5,IN,1651629918
fukue,32.6881,128.8419,64.33,54,54,7.43,JP,1651629919
oudtshoorn,-33.5907,22.2014,58.12,86,0,3.0,ZA,1651629920
alnashi,56.1874,52.4792,46.51,63,96,15.35,RU,1651629921
poso,-1.3959,120.7524,87.06,64,42,2.39,ID,1651629921
alofi,-19.0595,-169.9187,80.49,65,20,8.05,NU,1651629922
belmonte,-15.8631,-38.8828,75.06,84,6,4.7,BR,1651629923
katangli,51.7102,143.2326,32.31,99,100,8.08,RU,1651629924
yeppoon,-23.1333,150.7333,80.38,75,57,11.99,AU,1651629925
amloh,30.6084,76.2319,89.85,39,100,10.8,IN,1651629925
enkhuizen,52.7,5.2833,46.98,80,24,5.19,NL,1651629926
toamasina,-18.1667,49.3833,72.63,89,73,8.88,MG,1651629926
nong phai,15.9903,101.0618,79.39,47,74,5.82,TH,1651629927
mareeba,-17.0,145.4333,83.44,73,6,4.27,AU,1651629928
yanam,16.7333,82.2167,86.41,71,44,3.83,IN,1651629929
ozerne,50.1782,28.7338,46.38,89,89,7.83,UA,1651629930
scarborough,54.2797,-0.4044,48.33,84,100,11.99,GB,1651629931
sakurai,34.5,135.85,73.47,28,22,5.03,JP,1651629932
mananjary,-21.2167,48.3333,73.29,75,67,6.46,MG,1651629932
algiers,36.7525,3.042,60.62,88,75,9.22,DZ,1651629638
nanyamba,-10.6833,39.8333,66.02,96,11,5.3,TZ,1651629934
roma,43.2128,-75.4557,62.87,68,100,10.36,US,1651629934
mercedes,-34.6515,-59.4307,43.79,67,0,5.19,AR,1651629935
catalao,-18.1658,-47.9464,70.09,51,62,3.06,BR,1651629936
jiuquan,39.7432,98.5174,76.42,6,52,1.9,CN,1651629937
praia da vitoria,38.7333,-27.0667,62.76,92,76,7.83,PT,1651629938
great yarmouth,52.6083,1.7305,48.02,85,95,6.04,GB,1651629939
taoudenni,22.6783,-3.9836,84.61,14,99,7.45,ML,1651629940
nauta,-4.5061,-73.5757,74.21,81,96,1.14,PE,1651629941
pontes e lacerda,-15.2261,-59.3353,63.88,91,100,3.53,BR,1651629942
celestun,20.8667,-90.4,81.19,76,27,17.34,MX,1651629942
batsfjord,70.6345,29.7185,22.78,100,100,18.41,NO,1651629943
asosa,10.0667,34.5333,65.25,78,100,2.44,ET,1651629944
bondoukou,8.0333,-2.8,72.64,90,99,2.06,CI,1651629944
paralimni,35.0375,33.9833,65.28,95,0,4.0,CY,1651629945
santa ines,-3.6667,-45.38,74.39,96,100,1.74,BR,1651629945
tongzi,28.7829,105.0877,71.55,53,100,1.48,CN,1651629946
baculin,7.4525,126.5842,81.86,85,100,4.94,PH,1651629947
ingham,42.6,-84.3833,50.18,96,100,13.8,US,1651629948
puerto pailas,-17.667,-62.7909,62.06,61,99,4.5,BO,1651629949
mbanza-ngungu,-5.25,14.8667,67.35,94,89,2.89,CD,1651629949
berlevag,70.8578,29.0864,22.8,71,100,21.63,NO,1651629951
flinders,-34.5833,150.8552,76.37,59,6,5.99,AU,1651629952
ketchikan,55.3422,-131.6461,45.07,81,100,5.75,US,1651629953
tabou,4.423,-7.3528,80.37,79,1,5.82,CI,1651629954
bahia blanca,-38.7196,-62.2724,57.81,48,8,16.82,AR,1651629772
slawno,54.3628,16.6789,38.46,78,95,7.02,PL,1651629955
bereda,43.2686,-7.5406,51.42,100,91,6.67,ES,1651629955
tamandare,-8.7597,-35.1047,78.42,86,20,7.9,BR,1651629957
kurilsk,45.2333,147.8833,38.82,94,100,5.01,RU,1651629959
plouzane,48.3833,-4.6167,48.38,100,100,2.3,FR,1651629960
omsukchan,62.5333,155.8,31.75,95,83,4.54,RU,1651629961
silver city,32.7701,-108.2803,68.68,18,99,15.01,US,1651629962
mamontovo,52.7055,81.6244,46.27,29,0,12.03,RU,1651629962
batagay,67.6333,134.6333,31.5,65,95,3.58,RU,1651629963
libreville,0.3925,9.4537,78.58,89,72,4.27,GA,1651629964
palmas de monte alto,-14.2672,-43.1619,72.34,48,5,4.52,BR,1651629965
porto novo,6.4965,2.6036,78.8,85,100,3.53,BJ,1651629965
touros,-5.1989,-35.4608,78.91,85,37,11.97,BR,1651629967
ucluelet,48.9329,-125.5528,45.09,89,100,1.01,CA,1651629968
zyryanka,65.75,150.85,35.37,91,71,7.72,RU,1651629969
deep river,46.1001,-77.4995,50.95,99,100,2.64,CA,1651629970
hervey bay,-25.2986,152.8535,78.03,76,9,5.01,AU,1651629971
huainan,32.6264,116.9969,78.75,38,0,6.6,CN,1651629972
siyana,28.6277,78.0599,88.18,38,0,12.55,IN,1651629972
mugumu,-1.85,34.7,56.16,95,81,3.74,TZ,1651629974
sao jose da coroa grande,-8.8978,-35.1478,78.82,85,26,8.48,BR,1651629975
agua verde,22.9,-106.05,73.49,69,74,5.14,MX,1651629976
parnarama,-5.6817,-43.0933,74.35,94,100,1.34,BR,1651629977
kulhudhuffushi,6.6221,73.07,85.84,66,93,13.53,MV,1651629978
moose factory,51.2585,-80.6094,31.98,80,100,10.36,CA,1651629979
sohbatpur,28.5202,68.5434,87.89,29,0,8.9,PK,1651629979
wyndham,37.6985,-77.6125,65.1,89,100,5.75,US,1651629980
johnson city,36.3134,-82.3535,71.37,73,75,0.0,US,1651629719
capuluan,13.8147,122.5181,86.7,60,14,2.35,PH,1651629981
mudanya,40.3753,28.8822,52.27,92,100,6.51,TR,1651629982
elizabethtown,37.694,-85.8591,67.98,77,75,0.0,US,1651629982
marzuq,14.4,46.4667,72.41,36,0,4.34,YE,1651629983
arman,59.7,150.1667,39.02,68,58,5.88,RU,1651629984
sao miguel do araguaia,-13.275,-50.1628,78.64,52,65,0.6,BR,1651629984
monrovia,6.3005,-10.7969,80.85,82,15,6.31,LR,1651629701
megion,61.0296,76.1136,37.42,61,32,14.83,RU,1651629985
yarmouth,41.7057,-70.2286,50.05,82,0,5.75,US,1651629986
dawson creek,55.7666,-120.2362,50.14,67,100,13.02,CA,1651629987
chimoio,-19.1164,33.4833,57.22,98,97,3.33,MZ,1651629988
puerto leguizamo,-0.1934,-74.7819,73.67,97,34,1.21,CO,1651629989
karangampel,-6.4622,108.4519,84.18,70,100,3.65,ID,1651629990
chicama,-7.8447,-79.1469,63.14,79,3,4.9,PE,1651629991
axim,4.8699,-2.2405,79.72,86,30,4.65,GH,1651629992
nyandoma,61.669,40.1991,26.64,86,99,10.11,RU,1651629992
hunchun,42.8675,130.3581,74.8,31,76,5.93,CN,1651629993
abu dhabi,24.4667,54.3667,80.96,62,0,19.37,AE,1651629849
serowe,-22.3833,26.7167,53.83,71,0,2.77,BW,1651629994
ushumun,52.7833,126.5333,49.89,31,100,14.85,RU,1651629995
sri aman,1.2376,111.4621,86.83,66,100,1.88,MY,1651629995
lebedinyy,58.5167,125.5167,34.0,80,100,10.16,RU,1651629996
agua buena,7.8167,-80.4,81.84,80,86,4.38,PA,1651629996
mitsamiouli,-11.3847,43.2844,80.4,76,60,5.03,KM,1651629997
burlington,39.8835,-74.6413,53.38,85,100,8.05,US,1651629930
ibotirama,-12.1853,-43.2206,79.81,42,100,2.59,BR,1651629999
adre,13.4667,22.2,81.39,36,99,10.98,TD,1651630000
nan,18.8333,100.6667,77.02,73,40,2.3,TH,1651630000
huntsville,34.7304,-86.5861,74.19,83,0,10.0,US,1651629994
bejar,40.3864,-5.7634,46.58,93,59,5.75,ES,1651630002
gualeguaychu,-33.0094,-58.5172,54.9,89,0,4.03,AR,1651630002
mandera,3.9366,41.867,77.61,73,7,13.56,KE,1651630003
acajutla,13.5928,-89.8275,83.93,77,90,5.26,SV,1651630004
murchison,-41.8,172.3333,69.21,48,6,1.25,NZ,1651630005
elko,41.0002,-115.5012,47.64,65,100,10.0,US,1651630006
nemuro,43.3236,145.575,42.58,87,100,22.88,JP,1651630007
sinegorye,62.0788,150.477,32.9,87,23,1.34,RU,1651630008
luorong,24.4058,109.6086,73.24,56,95,4.16,CN,1651630009
ahuimanu,21.4447,-157.8378,82.11,75,100,18.41,US,1651630009
saint-augustin,51.226,-58.6502,38.03,88,100,2.42,CA,1651630010
dunedin,-45.8742,170.5036,58.8,73,10,7.0,NZ,1651630011
acarau,-2.8856,-40.12,78.82,90,100,11.48,BR,1651630012
poya,-21.35,165.15,80.26,73,66,9.06,NC,1651630013
warrnambool,-38.3833,142.4833,55.81,64,100,15.66,AU,1651630014
ovalle,-30.5983,-71.2003,67.01,51,92,0.72,CL,1651629933
invermere,50.5167,-116.0354,54.73,65,100,4.74,CA,1651630014
aksu,41.1231,80.2644,72.99,15,100,0.69,CN,1651630015
simpang,-1.2667,104.0833,75.6,96,100,2.48,ID,1651630016
